{
  "version": 1,
  "author": "ParthaSarathi V",
  "editor": "wokwi",
  "parts": [
    { "type": "wokwi-esp32-devkit-v1", "id": "esp", "top": 60.32, "left": -112.39, "attrs": {} },
    { "type": "wokwi-led", "id": "led1", "top": -28.93, "left": 35, "attrs": { "color": "red" } },
    {
      "type": "wokwi-resistor",
      "id": "r1",
      "top": 15.01,
      "left": 91.87,
      "attrs": { "value": "1000" }
    },
    { "type": "wokwi-dht22", "id": "dht1", "top": -64.63, "left": 186.74, "attrs": {} }
  ],
  "connections": [
    [ "esp:TX0", "$serialMonitor:RX", "", [] ],
    [ "esp:RX0", "$serialMonitor:TX", "", [] ],
    [ "esp:3V3", "dht1:VCC", "red", [ "v73.91", "h216.87" ] ],
    [ "esp:GND.1", "dht1:GND", "black", [ "h257.53", "v73.41" ] ],
    [ "esp:D15", "dht1:SDA", "green", [ "h0" ] ],
    [ "r1:1", "led1:A", "green", [ "v0" ] ],
    [ "esp:D2", "r1:2", "green", [ "h0" ] ],
    [ "led1:C", "esp:GND.1", "black", [ "v0" ] ]
  ],
  "dependencies": {}
}